name,path,scale,description
3D_Dollhouse_TablePurple,objects_usd/google_objects_usd/3D_Dollhouse_TablePurple/3D_Dollhouse_TablePurple.usd,1,3d_dollhouse_tablepurple description
Nestle_Raisinets_Milk_Chocolate_35_oz_992_g,objects_usd/google_objects_usd/Nestle_Raisinets_Milk_Chocolate_35_oz_992_g/Nestle_Raisinets_Milk_Chocolate_35_oz_992_g.usd,1,nestle_raisinets_milk_chocolate_35_oz_992_g description
Olive_Kids_Birdie_Munch_n_Lunch,objects_usd/google_objects_usd/Olive_Kids_Birdie_Munch_n_Lunch/Olive_Kids_Birdie_Munch_n_Lunch.usd,1,olive_kids_birdie_munch_n_lunch description
Swiss_Miss_Hot_Cocoa_KCups_Milk_Chocolate_12_count,objects_usd/google_objects_usd/Swiss_Miss_Hot_Cocoa_KCups_Milk_Chocolate_12_count/Swiss_Miss_Hot_Cocoa_KCups_Milk_Chocolate_12_count.usd,1,swiss_miss_hot_cocoa_kcups_milk_chocolate_12_count description
HP_1800_Tablet_8GB_7,objects_usd/google_objects_usd/HP_1800_Tablet_8GB_7/HP_1800_Tablet_8GB_7.usd,1,hp_1800_tablet_8gb_7 description
Schleich_Bald_Eagle,objects_usd/google_objects_usd/Schleich_Bald_Eagle/Schleich_Bald_Eagle.usd,1,schleich_bald_eagle description
Schleich_Therizinosaurus_ln9cruulPqc,objects_usd/google_objects_usd/Schleich_Therizinosaurus_ln9cruulPqc/Schleich_Therizinosaurus_ln9cruulPqc.usd,1,schleich_therizinosaurus_ln9cruulpqc description
W_Lou_z0dkC78niiZ,objects_usd/google_objects_usd/W_Lou_z0dkC78niiZ/W_Lou_z0dkC78niiZ.usd,1,w_lou_z0dkc78niiz description
Down_To_Earth_Ceramic_Orchid_Pot_Asst_Blue,objects_usd/google_objects_usd/Down_To_Earth_Ceramic_Orchid_Pot_Asst_Blue/Down_To_Earth_Ceramic_Orchid_Pot_Asst_Blue.usd,1,down_to_earth_ceramic_orchid_pot_asst_blue description
Retail_Leadership_Summit,objects_usd/google_objects_usd/Retail_Leadership_Summit/Retail_Leadership_Summit.usd,1,retail_leadership_summit description
Ecoforms_Cup_B4_SAN,objects_usd/google_objects_usd/Ecoforms_Cup_B4_SAN/Ecoforms_Cup_B4_SAN.usd,1,ecoforms_cup_b4_san description
Ecoforms_Plant_Bowl_Atlas_Low,objects_usd/google_objects_usd/Ecoforms_Plant_Bowl_Atlas_Low/Ecoforms_Plant_Bowl_Atlas_Low.usd,1,ecoforms_plant_bowl_atlas_low description
Chelsea_BlkHeelPMP_DwxLtZNxLZZ,objects_usd/google_objects_usd/Chelsea_BlkHeelPMP_DwxLtZNxLZZ/Chelsea_BlkHeelPMP_DwxLtZNxLZZ.usd,1,chelsea_blkheelpmp_dwxltznxlzz description
Firefly_Clue_Board_Game,objects_usd/google_objects_usd/Firefly_Clue_Board_Game/Firefly_Clue_Board_Game.usd,1,firefly_clue_board_game description
Threshold_Porcelain_Spoon_Rest_White,objects_usd/google_objects_usd/Threshold_Porcelain_Spoon_Rest_White/Threshold_Porcelain_Spoon_Rest_White.usd,1,threshold_porcelain_spoon_rest_white description
Threshold_Porcelain_Pitcher_White,objects_usd/google_objects_usd/Threshold_Porcelain_Pitcher_White/Threshold_Porcelain_Pitcher_White.usd,1,threshold_porcelain_pitcher_white description
Chefmate_8_Frypan,objects_usd/google_objects_usd/Chefmate_8_Frypan/Chefmate_8_Frypan.usd,1,chefmate_8_frypan description
035_power_drill,objects_usd/google_objects_usd/035_power_drill/035_power_drill.usd,1,035_power_drill description
3M_Antislip_Surfacing_Light_Duty_White,objects_usd/google_objects_usd/3M_Antislip_Surfacing_Light_Duty_White/3M_Antislip_Surfacing_Light_Duty_White.usd,1,3m_antislip_surfacing_light_duty_white description
INTERNATIONAL_PAPER_Willamette_4_Brown_Bag_500Count,objects_usd/google_objects_usd/INTERNATIONAL_PAPER_Willamette_4_Brown_Bag_500Count/INTERNATIONAL_PAPER_Willamette_4_Brown_Bag_500Count.usd,1,international_paper_willamette_4_brown_bag_500count description
Hyaluronic_Acid,objects_usd/google_objects_usd/Hyaluronic_Acid/Hyaluronic_Acid.usd,1,hyaluronic_acid description
Olive_Kids_Birdie_Sidekick_Backpack,objects_usd/google_objects_usd/Olive_Kids_Birdie_Sidekick_Backpack/Olive_Kids_Birdie_Sidekick_Backpack.usd,1,olive_kids_birdie_sidekick_backpack description
Perricone_MD_Best_of_Perricone_7Piece_Collection_MEGsO6GIsyL,objects_usd/google_objects_usd/Perricone_MD_Best_of_Perricone_7Piece_Collection_MEGsO6GIsyL/Perricone_MD_Best_of_Perricone_7Piece_Collection_MEGsO6GIsyL.usd,1,perricone_md_best_of_perricone_7piece_collection_megso6gisyl description
Little_Debbie_Cloud_Cakes_10_ct,objects_usd/google_objects_usd/Little_Debbie_Cloud_Cakes_10_ct/Little_Debbie_Cloud_Cakes_10_ct.usd,1,little_debbie_cloud_cakes_10_ct description
Jawbone_UP24_Wireless_Activity_Tracker_Pink_Coral_L,objects_usd/google_objects_usd/Jawbone_UP24_Wireless_Activity_Tracker_Pink_Coral_L/Jawbone_UP24_Wireless_Activity_Tracker_Pink_Coral_L.usd,1,jawbone_up24_wireless_activity_tracker_pink_coral_l description
Razer_Kraken_71_Chroma_headset_Full_size_Black,objects_usd/google_objects_usd/Razer_Kraken_71_Chroma_headset_Full_size_Black/Razer_Kraken_71_Chroma_headset_Full_size_Black.usd,1,razer_kraken_71_chroma_headset_full_size_black description
Ecoforms_Plant_Container_QP6CORAL,objects_usd/google_objects_usd/Ecoforms_Plant_Container_QP6CORAL/Ecoforms_Plant_Container_QP6CORAL.usd,1,ecoforms_plant_container_qp6coral description
Connect_4_Launchers,objects_usd/google_objects_usd/Connect_4_Launchers/Connect_4_Launchers.usd,1,connect_4_launchers description
Nips_Hard_Candy_Rich_Creamy_Butter_Rum_4_oz_1133_g,objects_usd/google_objects_usd/Nips_Hard_Candy_Rich_Creamy_Butter_Rum_4_oz_1133_g/Nips_Hard_Candy_Rich_Creamy_Butter_Rum_4_oz_1133_g.usd,1,nips_hard_candy_rich_creamy_butter_rum_4_oz_1133_g description
037_scissors,objects_usd/google_objects_usd/037_scissors/037_scissors.usd,1,037_scissors description
Razer_Naga_MMO_Gaming_Mouse,objects_usd/google_objects_usd/Razer_Naga_MMO_Gaming_Mouse/Razer_Naga_MMO_Gaming_Mouse.usd,1,razer_naga_mmo_gaming_mouse description
Cole_Hardware_Saucer_Glazed_6,objects_usd/google_objects_usd/Cole_Hardware_Saucer_Glazed_6/Cole_Hardware_Saucer_Glazed_6.usd,1,cole_hardware_saucer_glazed_6 description
Nestl_Skinny_Cow_Heavenly_Crisp_Candy_Bar_Chocolate_Raspberry_6_pack_462_oz_total,objects_usd/google_objects_usd/Nestl_Skinny_Cow_Heavenly_Crisp_Candy_Bar_Chocolate_Raspberry_6_pack_462_oz_total/Nestl_Skinny_Cow_Heavenly_Crisp_Candy_Bar_Chocolate_Raspberry_6_pack_462_oz_total.usd,1,nestl_skinny_cow_heavenly_crisp_candy_bar_chocolate_raspberry_6_pack_462_oz_total description
Threshold_Performance_Bath_Sheet_Sandoval_Blue_33_x_63,objects_usd/google_objects_usd/Threshold_Performance_Bath_Sheet_Sandoval_Blue_33_x_63/Threshold_Performance_Bath_Sheet_Sandoval_Blue_33_x_63.usd,1,threshold_performance_bath_sheet_sandoval_blue_33_x_63 description
Animal_Crossing_New_Leaf_Nintendo_3DS_Game,objects_usd/google_objects_usd/Animal_Crossing_New_Leaf_Nintendo_3DS_Game/Animal_Crossing_New_Leaf_Nintendo_3DS_Game.usd,1,animal_crossing_new_leaf_nintendo_3ds_game description
Digital_Camo_Double_Decker_Lunch_Bag,objects_usd/google_objects_usd/Digital_Camo_Double_Decker_Lunch_Bag/Digital_Camo_Double_Decker_Lunch_Bag.usd,1,digital_camo_double_decker_lunch_bag description
Razer_BlackWidow_Ultimate_2014_Mechanical_Gaming_Keyboard,objects_usd/google_objects_usd/Razer_BlackWidow_Ultimate_2014_Mechanical_Gaming_Keyboard/Razer_BlackWidow_Ultimate_2014_Mechanical_Gaming_Keyboard.usd,1,razer_blackwidow_ultimate_2014_mechanical_gaming_keyboard description
Android_Figure_Panda,objects_usd/google_objects_usd/Android_Figure_Panda/Android_Figure_Panda.usd,1,android_figure_panda description
Design_Ideas_Drawer_Store_Organizer,objects_usd/google_objects_usd/Design_Ideas_Drawer_Store_Organizer/Design_Ideas_Drawer_Store_Organizer.usd,1,design_ideas_drawer_store_organizer description
Cole_Hardware_Dishtowel_Blue,objects_usd/google_objects_usd/Cole_Hardware_Dishtowel_Blue/Cole_Hardware_Dishtowel_Blue.usd,1,cole_hardware_dishtowel_blue description
Philips_Sonicare_Tooth_Brush_2_count,objects_usd/google_objects_usd/Philips_Sonicare_Tooth_Brush_2_count/Philips_Sonicare_Tooth_Brush_2_count.usd,1,philips_sonicare_tooth_brush_2_count description
TERREX_FAST_X_GTX,objects_usd/google_objects_usd/TERREX_FAST_X_GTX/TERREX_FAST_X_GTX.usd,1,terrex_fast_x_gtx description
Bradshaw_International_11642_7_Qt_MP_Plastic_Bowl,objects_usd/google_objects_usd/Bradshaw_International_11642_7_Qt_MP_Plastic_Bowl/Bradshaw_International_11642_7_Qt_MP_Plastic_Bowl.usd,1,bradshaw_international_11642_7_qt_mp_plastic_bowl description
Dino_4,objects_usd/google_objects_usd/Dino_4/Dino_4.usd,1,dino_4 description
2_of_Jenga_Classic_Game,objects_usd/google_objects_usd/2_of_Jenga_Classic_Game/2_of_Jenga_Classic_Game.usd,1,2_of_jenga_classic_game description
Razer_Blackwidow_Tournament_Edition_Keyboard,objects_usd/google_objects_usd/Razer_Blackwidow_Tournament_Edition_Keyboard/Razer_Blackwidow_Tournament_Edition_Keyboard.usd,1,razer_blackwidow_tournament_edition_keyboard description
UGG_Bailey_Bow_Womens_Clogs_Black_7,objects_usd/google_objects_usd/UGG_Bailey_Bow_Womens_Clogs_Black_7/UGG_Bailey_Bow_Womens_Clogs_Black_7.usd,1,ugg_bailey_bow_womens_clogs_black_7 description
025_mug,objects_usd/google_objects_usd/025_mug/025_mug.usd,1,025_mug description
LADYBUG_BEAD,objects_usd/google_objects_usd/LADYBUG_BEAD/LADYBUG_BEAD.usd,1,ladybug_bead description
Cole_Hardware_Dishtowel_Red,objects_usd/google_objects_usd/Cole_Hardware_Dishtowel_Red/Cole_Hardware_Dishtowel_Red.usd,1,cole_hardware_dishtowel_red description
Reef_Star_Cushion_Flipflops_Size_8_Black,objects_usd/google_objects_usd/Reef_Star_Cushion_Flipflops_Size_8_Black/Reef_Star_Cushion_Flipflops_Size_8_Black.usd,1,reef_star_cushion_flipflops_size_8_black description
ACE_Coffee_Mug_Kristen_16_oz_cup,objects_usd/google_objects_usd/ACE_Coffee_Mug_Kristen_16_oz_cup/ACE_Coffee_Mug_Kristen_16_oz_cup.usd,1,ace_coffee_mug_kristen_16_oz_cup description
Threshold_Bamboo_Ceramic_Soap_Dish,objects_usd/google_objects_usd/Threshold_Bamboo_Ceramic_Soap_Dish/Threshold_Bamboo_Ceramic_Soap_Dish.usd,1,threshold_bamboo_ceramic_soap_dish description
Jansport_School_Backpack_Blue_Streak,objects_usd/google_objects_usd/Jansport_School_Backpack_Blue_Streak/Jansport_School_Backpack_Blue_Streak.usd,1,jansport_school_backpack_blue_streak description
Nordic_Ware_Original_Bundt_Pan,objects_usd/google_objects_usd/Nordic_Ware_Original_Bundt_Pan/Nordic_Ware_Original_Bundt_Pan.usd,1,nordic_ware_original_bundt_pan description
DPC_Handmade_Hat_Brown,objects_usd/google_objects_usd/DPC_Handmade_Hat_Brown/DPC_Handmade_Hat_Brown.usd,1,dpc_handmade_hat_brown description
Kingston_DT4000MR_G2_Management_Ready_USB_64GB,objects_usd/google_objects_usd/Kingston_DT4000MR_G2_Management_Ready_USB_64GB/Kingston_DT4000MR_G2_Management_Ready_USB_64GB.usd,1,kingston_dt4000mr_g2_management_ready_usb_64gb description
Diet_Pepsi_Soda_Cola12_Pack_12_oz_Cans,objects_usd/google_objects_usd/Diet_Pepsi_Soda_Cola12_Pack_12_oz_Cans/Diet_Pepsi_Soda_Cola12_Pack_12_oz_Cans.usd,1,diet_pepsi_soda_cola12_pack_12_oz_cans description
3D_Dollhouse_Happy_Brother,objects_usd/google_objects_usd/3D_Dollhouse_Happy_Brother/3D_Dollhouse_Happy_Brother.usd,1,3d_dollhouse_happy_brother description
Animal_Planet_Foam_2Headed_Dragon,objects_usd/google_objects_usd/Animal_Planet_Foam_2Headed_Dragon/Animal_Planet_Foam_2Headed_Dragon.usd,1,animal_planet_foam_2headed_dragon description
Ecoforms_Plant_Saucer_SQ1HARVEST,objects_usd/google_objects_usd/Ecoforms_Plant_Saucer_SQ1HARVEST/Ecoforms_Plant_Saucer_SQ1HARVEST.usd,1,ecoforms_plant_saucer_sq1harvest description
Don_Franciscos_Gourmet_Coffee_Medium_Decaf_100_Colombian_12_oz_340_g,objects_usd/google_objects_usd/Don_Franciscos_Gourmet_Coffee_Medium_Decaf_100_Colombian_12_oz_340_g/Don_Franciscos_Gourmet_Coffee_Medium_Decaf_100_Colombian_12_oz_340_g.usd,1,don_franciscos_gourmet_coffee_medium_decaf_100_colombian_12_oz_340_g description
009_gelatin_box,objects_usd/google_objects_usd/009_gelatin_box/009_gelatin_box.usd,1,009_gelatin_box description
Threshold_Porcelain_Coffee_Mug_All_Over_Bead_White,objects_usd/google_objects_usd/Threshold_Porcelain_Coffee_Mug_All_Over_Bead_White/Threshold_Porcelain_Coffee_Mug_All_Over_Bead_White.usd,1,threshold_porcelain_coffee_mug_all_over_bead_white description
Philips_EcoVantage_43_W_Light_Bulbs_Natural_Light_2_pack,objects_usd/google_objects_usd/Philips_EcoVantage_43_W_Light_Bulbs_Natural_Light_2_pack/Philips_EcoVantage_43_W_Light_Bulbs_Natural_Light_2_pack.usd,1,philips_ecovantage_43_w_light_bulbs_natural_light_2_pack description
008_pudding_box,objects_usd/google_objects_usd/008_pudding_box/008_pudding_box.usd,1,008_pudding_box description
Elephant,objects_usd/google_objects_usd/Elephant/Elephant.usd,1,elephant description
Reebok_DMX_MAX_MANIA_WD_D,objects_usd/google_objects_usd/Reebok_DMX_MAX_MANIA_WD_D/Reebok_DMX_MAX_MANIA_WD_D.usd,1,reebok_dmx_max_mania_wd_d description
Dino_5,objects_usd/google_objects_usd/Dino_5/Dino_5.usd,1,dino_5 description
FisherPrice_Make_A_Match_Game_Thomas_Friends,objects_usd/google_objects_usd/FisherPrice_Make_A_Match_Game_Thomas_Friends/FisherPrice_Make_A_Match_Game_Thomas_Friends.usd,1,fisherprice_make_a_match_game_thomas_friends description
Olive_Kids_Trains_Planes_Trucks_Munch_n_Lunch_Bag,objects_usd/google_objects_usd/Olive_Kids_Trains_Planes_Trucks_Munch_n_Lunch_Bag/Olive_Kids_Trains_Planes_Trucks_Munch_n_Lunch_Bag.usd,1,olive_kids_trains_planes_trucks_munch_n_lunch_bag description
The_Coffee_Bean_Tea_Leaf_KCup_Packs_Jasmine_Green_Tea_16_count,objects_usd/google_objects_usd/The_Coffee_Bean_Tea_Leaf_KCup_Packs_Jasmine_Green_Tea_16_count/The_Coffee_Bean_Tea_Leaf_KCup_Packs_Jasmine_Green_Tea_16_count.usd,1,the_coffee_bean_tea_leaf_kcup_packs_jasmine_green_tea_16_count description
Big_Dot_Aqua_Pencil_Case,objects_usd/google_objects_usd/Big_Dot_Aqua_Pencil_Case/Big_Dot_Aqua_Pencil_Case.usd,1,big_dot_aqua_pencil_case description
Poppin_File_Sorter_Blue,objects_usd/google_objects_usd/Poppin_File_Sorter_Blue/Poppin_File_Sorter_Blue.usd,1,poppin_file_sorter_blue description
3D_Dollhouse_Refrigerator,objects_usd/google_objects_usd/3D_Dollhouse_Refrigerator/3D_Dollhouse_Refrigerator.usd,1,3d_dollhouse_refrigerator description
Central_Garden_Flower_Pot_Goo_425,objects_usd/google_objects_usd/Central_Garden_Flower_Pot_Goo_425/Central_Garden_Flower_Pot_Goo_425.usd,1,central_garden_flower_pot_goo_425 description
3D_Dollhouse_Sofa,objects_usd/google_objects_usd/3D_Dollhouse_Sofa/3D_Dollhouse_Sofa.usd,1,3d_dollhouse_sofa description
Asus_80211ac_DualBand_Gigabit_Wireless_Router_RTAC68R,objects_usd/google_objects_usd/Asus_80211ac_DualBand_Gigabit_Wireless_Router_RTAC68R/Asus_80211ac_DualBand_Gigabit_Wireless_Router_RTAC68R.usd,1,asus_80211ac_dualband_gigabit_wireless_router_rtac68r description
Threshold_Hand_Towel_Blue_Medallion_16_x_27,objects_usd/google_objects_usd/Threshold_Hand_Towel_Blue_Medallion_16_x_27/Threshold_Hand_Towel_Blue_Medallion_16_x_27.usd,1,threshold_hand_towel_blue_medallion_16_x_27 description
3D_Dollhouse_Sink,objects_usd/google_objects_usd/3D_Dollhouse_Sink/3D_Dollhouse_Sink.usd,1,3d_dollhouse_sink description
Squirrel,objects_usd/google_objects_usd/Squirrel/Squirrel.usd,1,squirrel description
019_pitcher_base,objects_usd/google_objects_usd/019_pitcher_base/019_pitcher_base.usd,1,019_pitcher_base description
Envision_Home_Dish_Drying_Mat_Red_6_x_18,objects_usd/google_objects_usd/Envision_Home_Dish_Drying_Mat_Red_6_x_18/Envision_Home_Dish_Drying_Mat_Red_6_x_18.usd,1,envision_home_dish_drying_mat_red_6_x_18 description
House_of_Cards_The_Complete_First_Season_4_Discs_DVD,objects_usd/google_objects_usd/House_of_Cards_The_Complete_First_Season_4_Discs_DVD/House_of_Cards_The_Complete_First_Season_4_Discs_DVD.usd,1,house_of_cards_the_complete_first_season_4_discs_dvd description
Ecoforms_Saucer_SQ3_Turquoise,objects_usd/google_objects_usd/Ecoforms_Saucer_SQ3_Turquoise/Ecoforms_Saucer_SQ3_Turquoise.usd,1,ecoforms_saucer_sq3_turquoise description
Snack_Catcher_Snack_Dispenser,objects_usd/google_objects_usd/Snack_Catcher_Snack_Dispenser/Snack_Catcher_Snack_Dispenser.usd,1,snack_catcher_snack_dispenser description
Black_Decker_CM2035B_12Cup_Thermal_Coffeemaker,objects_usd/google_objects_usd/Black_Decker_CM2035B_12Cup_Thermal_Coffeemaker/Black_Decker_CM2035B_12Cup_Thermal_Coffeemaker.usd,1,black_decker_cm2035b_12cup_thermal_coffeemaker description
052_extra_large_clamp,objects_usd/google_objects_usd/052_extra_large_clamp/052_extra_large_clamp.usd,1,052_extra_large_clamp description
Razer_Abyssus_Ambidextrous_Gaming_Mouse,objects_usd/google_objects_usd/Razer_Abyssus_Ambidextrous_Gaming_Mouse/Razer_Abyssus_Ambidextrous_Gaming_Mouse.usd,1,razer_abyssus_ambidextrous_gaming_mouse description
Mens_ASV_Billfish_Boat_Shoe_in_Dark_Brown_Leather_zdHVHXueI3w,objects_usd/google_objects_usd/Mens_ASV_Billfish_Boat_Shoe_in_Dark_Brown_Leather_zdHVHXueI3w/Mens_ASV_Billfish_Boat_Shoe_in_Dark_Brown_Leather_zdHVHXueI3w.usd,1,mens_asv_billfish_boat_shoe_in_dark_brown_leather_zdhvhxuei3w description
Grreat_Choice_Dog_Double_Dish_Plastic_Blue,objects_usd/google_objects_usd/Grreat_Choice_Dog_Double_Dish_Plastic_Blue/Grreat_Choice_Dog_Double_Dish_Plastic_Blue.usd,1,grreat_choice_dog_double_dish_plastic_blue description
Threshold_Porcelain_Serving_Bowl_Coupe_White,objects_usd/google_objects_usd/Threshold_Porcelain_Serving_Bowl_Coupe_White/Threshold_Porcelain_Serving_Bowl_Coupe_White.usd,1,threshold_porcelain_serving_bowl_coupe_white description
LACING_SHEEP,objects_usd/google_objects_usd/LACING_SHEEP/LACING_SHEEP.usd,1,lacing_sheep description
Markings_Desk_Caddy,objects_usd/google_objects_usd/Markings_Desk_Caddy/Markings_Desk_Caddy.usd,1,markings_desk_caddy description
45oz_RAMEKIN_ASST_DEEP_COLORS,objects_usd/google_objects_usd/45oz_RAMEKIN_ASST_DEEP_COLORS/45oz_RAMEKIN_ASST_DEEP_COLORS.usd,1,45oz_ramekin_asst_deep_colors description
Spritz_Easter_Basket_Plastic_Teal,objects_usd/google_objects_usd/Spritz_Easter_Basket_Plastic_Teal/Spritz_Easter_Basket_Plastic_Teal.usd,1,spritz_easter_basket_plastic_teal description
Olive_Kids_Birdie_Lunch_Box,objects_usd/google_objects_usd/Olive_Kids_Birdie_Lunch_Box/Olive_Kids_Birdie_Lunch_Box.usd,1,olive_kids_birdie_lunch_box description
024_bowl,objects_usd/google_objects_usd/024_bowl/024_bowl.usd,1,024_bowl description
Dog,objects_usd/google_objects_usd/Dog/Dog.usd,1,dog description
NESCAFE_NESCAFE_TC_STKS_DECAF_6_CT,objects_usd/google_objects_usd/NESCAFE_NESCAFE_TC_STKS_DECAF_6_CT/NESCAFE_NESCAFE_TC_STKS_DECAF_6_CT.usd,1,nescafe_nescafe_tc_stks_decaf_6_ct description
Orbit_Bubblemint_Mini_Bottle_6_ct,objects_usd/google_objects_usd/Orbit_Bubblemint_Mini_Bottle_6_ct/Orbit_Bubblemint_Mini_Bottle_6_ct.usd,1,orbit_bubblemint_mini_bottle_6_ct description
Balderdash_Game,objects_usd/google_objects_usd/Balderdash_Game/Balderdash_Game.usd,1,balderdash_game description
BIA_Cordon_Bleu_White_Porcelain_Utensil_Holder_900028,objects_usd/google_objects_usd/BIA_Cordon_Bleu_White_Porcelain_Utensil_Holder_900028/BIA_Cordon_Bleu_White_Porcelain_Utensil_Holder_900028.usd,1,bia_cordon_bleu_white_porcelain_utensil_holder_900028 description
Ortho_Forward_Facing_CkAW6rL25xH,objects_usd/google_objects_usd/Ortho_Forward_Facing_CkAW6rL25xH/Ortho_Forward_Facing_CkAW6rL25xH.usd,1,ortho_forward_facing_ckaw6rl25xh description
Ecoforms_Plant_Container_GP16AMOCHA,objects_usd/google_objects_usd/Ecoforms_Plant_Container_GP16AMOCHA/Ecoforms_Plant_Container_GP16AMOCHA.usd,1,ecoforms_plant_container_gp16amocha description
Netgear_N750_Wireless_Dual_Band_Gigabit_Router,objects_usd/google_objects_usd/Netgear_N750_Wireless_Dual_Band_Gigabit_Router/Netgear_N750_Wireless_Dual_Band_Gigabit_Router.usd,1,netgear_n750_wireless_dual_band_gigabit_router description
Retail_Leadership_Summit_tQFCizMt6g0,objects_usd/google_objects_usd/Retail_Leadership_Summit_tQFCizMt6g0/Retail_Leadership_Summit_tQFCizMt6g0.usd,1,retail_leadership_summit_tqfcizmt6g0 description
Olive_Kids_Game_On_Lunch_Box,objects_usd/google_objects_usd/Olive_Kids_Game_On_Lunch_Box/Olive_Kids_Game_On_Lunch_Box.usd,1,olive_kids_game_on_lunch_box description
Shark,objects_usd/google_objects_usd/Shark/Shark.usd,1,shark description
Top_Paw_Dog_Bow_Bone_Ceramic_13_fl_oz_total,objects_usd/google_objects_usd/Top_Paw_Dog_Bow_Bone_Ceramic_13_fl_oz_total/Top_Paw_Dog_Bow_Bone_Ceramic_13_fl_oz_total.usd,1,top_paw_dog_bow_bone_ceramic_13_fl_oz_total description
Black_Decker_Stainless_Steel_Toaster_4_Slice,objects_usd/google_objects_usd/Black_Decker_Stainless_Steel_Toaster_4_Slice/Black_Decker_Stainless_Steel_Toaster_4_Slice.usd,1,black_decker_stainless_steel_toaster_4_slice description
Crayola_Bonus_64_Crayons,objects_usd/google_objects_usd/Crayola_Bonus_64_Crayons/Crayola_Bonus_64_Crayons.usd,1,crayola_bonus_64_crayons description
Olive_Kids_Dinosaur_Land_Pack_n_Snack,objects_usd/google_objects_usd/Olive_Kids_Dinosaur_Land_Pack_n_Snack/Olive_Kids_Dinosaur_Land_Pack_n_Snack.usd,1,olive_kids_dinosaur_land_pack_n_snack description
Apples_to_Apples_Kids_Edition,objects_usd/google_objects_usd/Apples_to_Apples_Kids_Edition/Apples_to_Apples_Kids_Edition.usd,1,apples_to_apples_kids_edition description
Just_For_Men_Mustache_Beard_Brushin_Hair_Color_Gel_Kit_Jet_Black_M60,objects_usd/google_objects_usd/Just_For_Men_Mustache_Beard_Brushin_Hair_Color_Gel_Kit_Jet_Black_M60/Just_For_Men_Mustache_Beard_Brushin_Hair_Color_Gel_Kit_Jet_Black_M60.usd,1,just_for_men_mustache_beard_brushin_hair_color_gel_kit_jet_black_m60 description
Tag_Dishtowel_Green,objects_usd/google_objects_usd/Tag_Dishtowel_Green/Tag_Dishtowel_Green.usd,1,tag_dishtowel_green description
Fresca_Peach_Citrus_Sparkling_Flavored_Soda_12_PK,objects_usd/google_objects_usd/Fresca_Peach_Citrus_Sparkling_Flavored_Soda_12_PK/Fresca_Peach_Citrus_Sparkling_Flavored_Soda_12_PK.usd,1,fresca_peach_citrus_sparkling_flavored_soda_12_pk description
Razer_BlackWidow_Stealth_2014_Keyboard_07VFzIVabgh,objects_usd/google_objects_usd/Razer_BlackWidow_Stealth_2014_Keyboard_07VFzIVabgh/Razer_BlackWidow_Stealth_2014_Keyboard_07VFzIVabgh.usd,1,razer_blackwidow_stealth_2014_keyboard_07vfzivabgh description
Cole_Hardware_School_Bell_Solid_Brass_38,objects_usd/google_objects_usd/Cole_Hardware_School_Bell_Solid_Brass_38/Cole_Hardware_School_Bell_Solid_Brass_38.usd,1,cole_hardware_school_bell_solid_brass_38 description
036_wood_block,objects_usd/google_objects_usd/036_wood_block/036_wood_block.usd,1,036_wood_block description
Seagate_1TB_Backup_Plus_portable_drive_Blue,objects_usd/google_objects_usd/Seagate_1TB_Backup_Plus_portable_drive_Blue/Seagate_1TB_Backup_Plus_portable_drive_Blue.usd,1,seagate_1tb_backup_plus_portable_drive_blue description
Mist_Wipe_Warmer,objects_usd/google_objects_usd/Mist_Wipe_Warmer/Mist_Wipe_Warmer.usd,1,mist_wipe_warmer description
US_Army_Stash_Lunch_Bag,objects_usd/google_objects_usd/US_Army_Stash_Lunch_Bag/US_Army_Stash_Lunch_Bag.usd,1,us_army_stash_lunch_bag description
Toysmith_Windem_Up_Flippin_Animals_Dog,objects_usd/google_objects_usd/Toysmith_Windem_Up_Flippin_Animals_Dog/Toysmith_Windem_Up_Flippin_Animals_Dog.usd,1,toysmith_windem_up_flippin_animals_dog description
Down_To_Earth_Orchid_Pot_Ceramic_Red,objects_usd/google_objects_usd/Down_To_Earth_Orchid_Pot_Ceramic_Red/Down_To_Earth_Orchid_Pot_Ceramic_Red.usd,1,down_to_earth_orchid_pot_ceramic_red description
Brisk_Iced_Tea_Lemon_12_12_fl_oz_355_ml_cans_144_fl_oz_426_lt,objects_usd/google_objects_usd/Brisk_Iced_Tea_Lemon_12_12_fl_oz_355_ml_cans_144_fl_oz_426_lt/Brisk_Iced_Tea_Lemon_12_12_fl_oz_355_ml_cans_144_fl_oz_426_lt.usd,1,brisk_iced_tea_lemon_12_12_fl_oz_355_ml_cans_144_fl_oz_426_lt description
002_master_chef_can,objects_usd/google_objects_usd/002_master_chef_can/002_master_chef_can.usd,1,002_master_chef_can description
Cole_Hardware_Electric_Pot_Assortment_55,objects_usd/google_objects_usd/Cole_Hardware_Electric_Pot_Assortment_55/Cole_Hardware_Electric_Pot_Assortment_55.usd,1,cole_hardware_electric_pot_assortment_55 description
Marc_Anthony_True_Professional_Strictly_Curls_Curl_Defining_Lotion,objects_usd/google_objects_usd/Marc_Anthony_True_Professional_Strictly_Curls_Curl_Defining_Lotion/Marc_Anthony_True_Professional_Strictly_Curls_Curl_Defining_Lotion.usd,1,marc_anthony_true_professional_strictly_curls_curl_defining_lotion description
Ecoforms_Plant_Container_12_Pot_Nova,objects_usd/google_objects_usd/Ecoforms_Plant_Container_12_Pot_Nova/Ecoforms_Plant_Container_12_Pot_Nova.usd,1,ecoforms_plant_container_12_pot_nova description
Pass_The_Popcorn_Movie_Guessing_Game,objects_usd/google_objects_usd/Pass_The_Popcorn_Movie_Guessing_Game/Pass_The_Popcorn_Movie_Guessing_Game.usd,1,pass_the_popcorn_movie_guessing_game description
AMBERLIGHT_UP_W,objects_usd/google_objects_usd/AMBERLIGHT_UP_W/AMBERLIGHT_UP_W.usd,1,amberlight_up_w description
Room_Essentials_Salad_Plate_Turquoise,objects_usd/google_objects_usd/Room_Essentials_Salad_Plate_Turquoise/Room_Essentials_Salad_Plate_Turquoise.usd,1,room_essentials_salad_plate_turquoise description
Little_Debbie_Donut_Sticks_6_cake_donuts_10_oz_total,objects_usd/google_objects_usd/Little_Debbie_Donut_Sticks_6_cake_donuts_10_oz_total/Little_Debbie_Donut_Sticks_6_cake_donuts_10_oz_total.usd,1,little_debbie_donut_sticks_6_cake_donuts_10_oz_total description
OXO_Cookie_Spatula,objects_usd/google_objects_usd/OXO_Cookie_Spatula/OXO_Cookie_Spatula.usd,1,oxo_cookie_spatula description
Vans_Cereal_Honey_Nut_Crunch_11_oz_box,objects_usd/google_objects_usd/Vans_Cereal_Honey_Nut_Crunch_11_oz_box/Vans_Cereal_Honey_Nut_Crunch_11_oz_box.usd,1,vans_cereal_honey_nut_crunch_11_oz_box description
021_bleach_cleanser,objects_usd/google_objects_usd/021_bleach_cleanser/021_bleach_cleanser.usd,1,021_bleach_cleanser description
PEPSI_NEXT_CACRV,objects_usd/google_objects_usd/PEPSI_NEXT_CACRV/PEPSI_NEXT_CACRV.usd,1,pepsi_next_cacrv description
Seagate_Archive_HDD_8_TB_Internal_hard_drive_SATA_6Gbs_35_ST8000AS0002,objects_usd/google_objects_usd/Seagate_Archive_HDD_8_TB_Internal_hard_drive_SATA_6Gbs_35_ST8000AS0002/Seagate_Archive_HDD_8_TB_Internal_hard_drive_SATA_6Gbs_35_ST8000AS0002.usd,1,seagate_archive_hdd_8_tb_internal_hard_drive_sata_6gbs_35_st8000as0002 description
Beetle_Adventure_Racing_Nintendo_64,objects_usd/google_objects_usd/Beetle_Adventure_Racing_Nintendo_64/Beetle_Adventure_Racing_Nintendo_64.usd,1,beetle_adventure_racing_nintendo_64 description
Threshold_Tray_Rectangle_Porcelain,objects_usd/google_objects_usd/Threshold_Tray_Rectangle_Porcelain/Threshold_Tray_Rectangle_Porcelain.usd,1,threshold_tray_rectangle_porcelain description
TriStar_Products_PPC_Power_Pressure_Cooker_XL_in_Black,objects_usd/google_objects_usd/TriStar_Products_PPC_Power_Pressure_Cooker_XL_in_Black/TriStar_Products_PPC_Power_Pressure_Cooker_XL_in_Black.usd,1,tristar_products_ppc_power_pressure_cooker_xl_in_black description
Room_Essentials_Kitchen_Towels_16_x_26_2_count,objects_usd/google_objects_usd/Room_Essentials_Kitchen_Towels_16_x_26_2_count/Room_Essentials_Kitchen_Towels_16_x_26_2_count.usd,1,room_essentials_kitchen_towels_16_x_26_2_count description
HeavyDuty_Flashlight,objects_usd/google_objects_usd/HeavyDuty_Flashlight/HeavyDuty_Flashlight.usd,1,heavyduty_flashlight description
Now_Designs_Dish_Towel_Mojave_18_x_28,objects_usd/google_objects_usd/Now_Designs_Dish_Towel_Mojave_18_x_28/Now_Designs_Dish_Towel_Mojave_18_x_28.usd,1,now_designs_dish_towel_mojave_18_x_28 description
Crosley_Alarm_Clock_Vintage_Metal,objects_usd/google_objects_usd/Crosley_Alarm_Clock_Vintage_Metal/Crosley_Alarm_Clock_Vintage_Metal.usd,1,crosley_alarm_clock_vintage_metal description
Ecoforms_Garden_Pot_GP16ATurquois,objects_usd/google_objects_usd/Ecoforms_Garden_Pot_GP16ATurquois/Ecoforms_Garden_Pot_GP16ATurquois.usd,1,ecoforms_garden_pot_gp16aturquois description
Weisshai_Great_White_Shark,objects_usd/google_objects_usd/Weisshai_Great_White_Shark/Weisshai_Great_White_Shark.usd,1,weisshai_great_white_shark description
011_banana,objects_usd/google_objects_usd/011_banana/011_banana.usd,1,011_banana description
Black_Elderberry_Syrup_54_oz_Gaia_Herbs,objects_usd/google_objects_usd/Black_Elderberry_Syrup_54_oz_Gaia_Herbs/Black_Elderberry_Syrup_54_oz_Gaia_Herbs.usd,1,black_elderberry_syrup_54_oz_gaia_herbs description
Timberland_Mens_Earthkeepers_Stormbuck_Lite_Plain_Toe_Oxford,objects_usd/google_objects_usd/Timberland_Mens_Earthkeepers_Stormbuck_Lite_Plain_Toe_Oxford/Timberland_Mens_Earthkeepers_Stormbuck_Lite_Plain_Toe_Oxford.usd,1,timberland_mens_earthkeepers_stormbuck_lite_plain_toe_oxford description
Black_Forest_Fruit_Snacks_28_Pack_Grape,objects_usd/google_objects_usd/Black_Forest_Fruit_Snacks_28_Pack_Grape/Black_Forest_Fruit_Snacks_28_Pack_Grape.usd,1,black_forest_fruit_snacks_28_pack_grape description
3D_Dollhouse_Lamp,objects_usd/google_objects_usd/3D_Dollhouse_Lamp/3D_Dollhouse_Lamp.usd,1,3d_dollhouse_lamp description
Canon_225226_Ink_Cartridges_BlackColor_Cyan_Magenta_Yellow_6_count,objects_usd/google_objects_usd/Canon_225226_Ink_Cartridges_BlackColor_Cyan_Magenta_Yellow_6_count/Canon_225226_Ink_Cartridges_BlackColor_Cyan_Magenta_Yellow_6_count.usd,1,canon_225226_ink_cartridges_blackcolor_cyan_magenta_yellow_6_count description
Xyli_Pure_Xylitol,objects_usd/google_objects_usd/Xyli_Pure_Xylitol/Xyli_Pure_Xylitol.usd,1,xyli_pure_xylitol description
Perricone_MD_AcylGlutathione_Eye_Lid_Serum,objects_usd/google_objects_usd/Perricone_MD_AcylGlutathione_Eye_Lid_Serum/Perricone_MD_AcylGlutathione_Eye_Lid_Serum.usd,1,perricone_md_acylglutathione_eye_lid_serum description
Razer_Kraken_Pro_headset_Full_size_Black,objects_usd/google_objects_usd/Razer_Kraken_Pro_headset_Full_size_Black/Razer_Kraken_Pro_headset_Full_size_Black.usd,1,razer_kraken_pro_headset_full_size_black description
Cole_Hardware_Butter_Dish_Square_Red,objects_usd/google_objects_usd/Cole_Hardware_Butter_Dish_Square_Red/Cole_Hardware_Butter_Dish_Square_Red.usd,1,cole_hardware_butter_dish_square_red description
Racoon,objects_usd/google_objects_usd/Racoon/Racoon.usd,1,racoon description
Black_and_Decker_TR3500SD_2Slice_Toaster,objects_usd/google_objects_usd/Black_and_Decker_TR3500SD_2Slice_Toaster/Black_and_Decker_TR3500SD_2Slice_Toaster.usd,1,black_and_decker_tr3500sd_2slice_toaster description
Cole_Hardware_Hammer_Black,objects_usd/google_objects_usd/Cole_Hardware_Hammer_Black/Cole_Hardware_Hammer_Black.usd,1,cole_hardware_hammer_black description
Sootheze_Toasty_Orca,objects_usd/google_objects_usd/Sootheze_Toasty_Orca/Sootheze_Toasty_Orca.usd,1,sootheze_toasty_orca description
Curver_Storage_Bin_Black_Small,objects_usd/google_objects_usd/Curver_Storage_Bin_Black_Small/Curver_Storage_Bin_Black_Small.usd,1,curver_storage_bin_black_small description
Room_Essentials_Fabric_Cube_Lavender,objects_usd/google_objects_usd/Room_Essentials_Fabric_Cube_Lavender/Room_Essentials_Fabric_Cube_Lavender.usd,1,room_essentials_fabric_cube_lavender description
Santa_Cruz_Mens_G7kQXK7cIky,objects_usd/google_objects_usd/Santa_Cruz_Mens_G7kQXK7cIky/Santa_Cruz_Mens_G7kQXK7cIky.usd,1,santa_cruz_mens_g7kqxk7ciky description
Razer_Goliathus_Control_Edition_Small_Soft_Gaming_Mouse_Mat,objects_usd/google_objects_usd/Razer_Goliathus_Control_Edition_Small_Soft_Gaming_Mouse_Mat/Razer_Goliathus_Control_Edition_Small_Soft_Gaming_Mouse_Mat.usd,1,razer_goliathus_control_edition_small_soft_gaming_mouse_mat description
Razer_Taipan_White_Ambidextrous_Gaming_Mouse,objects_usd/google_objects_usd/Razer_Taipan_White_Ambidextrous_Gaming_Mouse/Razer_Taipan_White_Ambidextrous_Gaming_Mouse.usd,1,razer_taipan_white_ambidextrous_gaming_mouse description
adiZero_Slide_2_SC,objects_usd/google_objects_usd/adiZero_Slide_2_SC/adiZero_Slide_2_SC.usd,1,adizero_slide_2_sc description
Mens_Santa_Cruz_Thong_in_Chocolate_La1fo2mAovE,objects_usd/google_objects_usd/Mens_Santa_Cruz_Thong_in_Chocolate_La1fo2mAovE/Mens_Santa_Cruz_Thong_in_Chocolate_La1fo2mAovE.usd,1,mens_santa_cruz_thong_in_chocolate_la1fo2maove description
Creatine_Monohydrate,objects_usd/google_objects_usd/Creatine_Monohydrate/Creatine_Monohydrate.usd,1,creatine_monohydrate description
Frozen_Olafs_In_Trouble_PopOMatic_Game,objects_usd/google_objects_usd/Frozen_Olafs_In_Trouble_PopOMatic_Game/Frozen_Olafs_In_Trouble_PopOMatic_Game.usd,1,frozen_olafs_in_trouble_popomatic_game description
Horses_in_Pink_Pencil_Case,objects_usd/google_objects_usd/Horses_in_Pink_Pencil_Case/Horses_in_Pink_Pencil_Case.usd,1,horses_in_pink_pencil_case description
Craftsman_Grip_Screwdriver_Phillips_Cushion,objects_usd/google_objects_usd/Craftsman_Grip_Screwdriver_Phillips_Cushion/Craftsman_Grip_Screwdriver_Phillips_Cushion.usd,1,craftsman_grip_screwdriver_phillips_cushion description
Aroma_Stainless_Steel_Milk_Frother_2_Cup,objects_usd/google_objects_usd/Aroma_Stainless_Steel_Milk_Frother_2_Cup/Aroma_Stainless_Steel_Milk_Frother_2_Cup.usd,1,aroma_stainless_steel_milk_frother_2_cup description
Lovable_Huggable_Cuddly_Boutique_Teddy_Bear_Beige,objects_usd/google_objects_usd/Lovable_Huggable_Cuddly_Boutique_Teddy_Bear_Beige/Lovable_Huggable_Cuddly_Boutique_Teddy_Bear_Beige.usd,1,lovable_huggable_cuddly_boutique_teddy_bear_beige description
Wilton_Pearlized_Sugar_Sprinkles_525_oz_Gold,objects_usd/google_objects_usd/Wilton_Pearlized_Sugar_Sprinkles_525_oz_Gold/Wilton_Pearlized_Sugar_Sprinkles_525_oz_Gold.usd,1,wilton_pearlized_sugar_sprinkles_525_oz_gold description
YumYum_D3_Liquid,objects_usd/google_objects_usd/YumYum_D3_Liquid/YumYum_D3_Liquid.usd,1,yumyum_d3_liquid description
Sushi_Mat,objects_usd/google_objects_usd/Sushi_Mat/Sushi_Mat.usd,1,sushi_mat description
005_tomato_soup_can,objects_usd/google_objects_usd/005_tomato_soup_can/005_tomato_soup_can.usd,1,005_tomato_soup_can description
Weston_No_22_Cajun_Jerky_Tonic_12_fl_oz_nLj64ZnGwDh,objects_usd/google_objects_usd/Weston_No_22_Cajun_Jerky_Tonic_12_fl_oz_nLj64ZnGwDh/Weston_No_22_Cajun_Jerky_Tonic_12_fl_oz_nLj64ZnGwDh.usd,1,weston_no_22_cajun_jerky_tonic_12_fl_oz_nlj64zngwdh description
007_tuna_fish_can,objects_usd/google_objects_usd/007_tuna_fish_can/007_tuna_fish_can.usd,1,007_tuna_fish_can description
Toys_R_Us_Treat_Dispenser_Smart_Puzzle_Foobler,objects_usd/google_objects_usd/Toys_R_Us_Treat_Dispenser_Smart_Puzzle_Foobler/Toys_R_Us_Treat_Dispenser_Smart_Puzzle_Foobler.usd,1,toys_r_us_treat_dispenser_smart_puzzle_foobler description
OXO_Soft_Works_Can_Opener_SnapLock,objects_usd/google_objects_usd/OXO_Soft_Works_Can_Opener_SnapLock/OXO_Soft_Works_Can_Opener_SnapLock.usd,1,oxo_soft_works_can_opener_snaplock description
Nestle_Nips_Hard_Candy_Peanut_Butter,objects_usd/google_objects_usd/Nestle_Nips_Hard_Candy_Peanut_Butter/Nestle_Nips_Hard_Candy_Peanut_Butter.usd,1,nestle_nips_hard_candy_peanut_butter description
Kotex_U_Tween_Pads_16_pads,objects_usd/google_objects_usd/Kotex_U_Tween_Pads_16_pads/Kotex_U_Tween_Pads_16_pads.usd,1,kotex_u_tween_pads_16_pads description
Polar_Herring_Fillets_Smoked_Peppered_705_oz_total,objects_usd/google_objects_usd/Polar_Herring_Fillets_Smoked_Peppered_705_oz_total/Polar_Herring_Fillets_Smoked_Peppered_705_oz_total.usd,1,polar_herring_fillets_smoked_peppered_705_oz_total description
Schleich_African_Black_Rhino,objects_usd/google_objects_usd/Schleich_African_Black_Rhino/Schleich_African_Black_Rhino.usd,1,schleich_african_black_rhino description
Remington_TStudio_Silk_Ceramic_Hair_Straightener_2_Inch_Floating_Plates,objects_usd/google_objects_usd/Remington_TStudio_Silk_Ceramic_Hair_Straightener_2_Inch_Floating_Plates/Remington_TStudio_Silk_Ceramic_Hair_Straightener_2_Inch_Floating_Plates.usd,1,remington_tstudio_silk_ceramic_hair_straightener_2_inch_floating_plates description
BIA_Porcelain_Ramekin_With_Glazed_Rim_35_45_oz_cup,objects_usd/google_objects_usd/BIA_Porcelain_Ramekin_With_Glazed_Rim_35_45_oz_cup/BIA_Porcelain_Ramekin_With_Glazed_Rim_35_45_oz_cup.usd,1,bia_porcelain_ramekin_with_glazed_rim_35_45_oz_cup description
Smith_Hawken_Woven_BasketTray_Organizer_with_3_Compartments_95_x_9_x_13,objects_usd/google_objects_usd/Smith_Hawken_Woven_BasketTray_Organizer_with_3_Compartments_95_x_9_x_13/Smith_Hawken_Woven_BasketTray_Organizer_with_3_Compartments_95_x_9_x_13.usd,1,smith_hawken_woven_baskettray_organizer_with_3_compartments_95_x_9_x_13 description
Hefty_Waste_Basket_Decorative_Bronze_85_liter,objects_usd/google_objects_usd/Hefty_Waste_Basket_Decorative_Bronze_85_liter/Hefty_Waste_Basket_Decorative_Bronze_85_liter.usd,1,hefty_waste_basket_decorative_bronze_85_liter description
Final_Fantasy_XIV_A_Realm_Reborn_60Day_Subscription,objects_usd/google_objects_usd/Final_Fantasy_XIV_A_Realm_Reborn_60Day_Subscription/Final_Fantasy_XIV_A_Realm_Reborn_60Day_Subscription.usd,1,final_fantasy_xiv_a_realm_reborn_60day_subscription description
11pro_SL_TRX_FG,objects_usd/google_objects_usd/11pro_SL_TRX_FG/11pro_SL_TRX_FG.usd,1,11pro_sl_trx_fg description
Samsung_CLTC406S_Toner_Cartridge_Cyan_1pack,objects_usd/google_objects_usd/Samsung_CLTC406S_Toner_Cartridge_Cyan_1pack/Samsung_CLTC406S_Toner_Cartridge_Cyan_1pack.usd,1,samsung_cltc406s_toner_cartridge_cyan_1pack description
Retail_Leadership_Summit_eCT3zqHYIkX,objects_usd/google_objects_usd/Retail_Leadership_Summit_eCT3zqHYIkX/Retail_Leadership_Summit_eCT3zqHYIkX.usd,1,retail_leadership_summit_ect3zqhyikx description
Cole_Hardware_Deep_Bowl_Good_Earth_1075,objects_usd/google_objects_usd/Cole_Hardware_Deep_Bowl_Good_Earth_1075/Cole_Hardware_Deep_Bowl_Good_Earth_1075.usd,1,cole_hardware_deep_bowl_good_earth_1075 description
Deskstar_Desk_Top_Hard_Drive_1_TB,objects_usd/google_objects_usd/Deskstar_Desk_Top_Hard_Drive_1_TB/Deskstar_Desk_Top_Hard_Drive_1_TB.usd,1,deskstar_desk_top_hard_drive_1_tb description
Home_Fashions_Washcloth_Olive_Green,objects_usd/google_objects_usd/Home_Fashions_Washcloth_Olive_Green/Home_Fashions_Washcloth_Olive_Green.usd,1,home_fashions_washcloth_olive_green description
Schleich_Lion_Action_Figure,objects_usd/google_objects_usd/Schleich_Lion_Action_Figure/Schleich_Lion_Action_Figure.usd,1,schleich_lion_action_figure description
Nestle_Candy_19_oz_Butterfinger_Singles_116567,objects_usd/google_objects_usd/Nestle_Candy_19_oz_Butterfinger_Singles_116567/Nestle_Candy_19_oz_Butterfinger_Singles_116567.usd,1,nestle_candy_19_oz_butterfinger_singles_116567 description
Sootheze_Cold_Therapy_Elephant,objects_usd/google_objects_usd/Sootheze_Cold_Therapy_Elephant/Sootheze_Cold_Therapy_Elephant.usd,1,sootheze_cold_therapy_elephant description
Beta_Glucan,objects_usd/google_objects_usd/Beta_Glucan/Beta_Glucan.usd,1,beta_glucan description
Nestle_Carnation_Cinnamon_Coffeecake_Kit_1913OZ,objects_usd/google_objects_usd/Nestle_Carnation_Cinnamon_Coffeecake_Kit_1913OZ/Nestle_Carnation_Cinnamon_Coffeecake_Kit_1913OZ.usd,1,nestle_carnation_cinnamon_coffeecake_kit_1913oz description
Ortho_Forward_Facing_QCaor9ImJ2G,objects_usd/google_objects_usd/Ortho_Forward_Facing_QCaor9ImJ2G/Ortho_Forward_Facing_QCaor9ImJ2G.usd,1,ortho_forward_facing_qcaor9imj2g description
Brother_Printing_Cartridge_PC501,objects_usd/google_objects_usd/Brother_Printing_Cartridge_PC501/Brother_Printing_Cartridge_PC501.usd,1,brother_printing_cartridge_pc501 description
Dixie_10_ounce_Bowls_35_ct,objects_usd/google_objects_usd/Dixie_10_ounce_Bowls_35_ct/Dixie_10_ounce_Bowls_35_ct.usd,1,dixie_10_ounce_bowls_35_ct description
Brother_Ink_Cartridge_Magenta_LC75M,objects_usd/google_objects_usd/Brother_Ink_Cartridge_Magenta_LC75M/Brother_Ink_Cartridge_Magenta_LC75M.usd,1,brother_ink_cartridge_magenta_lc75m description
Great_Jones_Wingtip_kAqSg6EgG0I,objects_usd/google_objects_usd/Great_Jones_Wingtip_kAqSg6EgG0I/Great_Jones_Wingtip_kAqSg6EgG0I.usd,1,great_jones_wingtip_kaqsg6egg0i description
Cole_Hardware_Bowl_Scirocco_YellowBlue,objects_usd/google_objects_usd/Cole_Hardware_Bowl_Scirocco_YellowBlue/Cole_Hardware_Bowl_Scirocco_YellowBlue.usd,1,cole_hardware_bowl_scirocco_yellowblue description
Android_Figure_Chrome,objects_usd/google_objects_usd/Android_Figure_Chrome/Android_Figure_Chrome.usd,1,android_figure_chrome description
Kanex_MultiSync_Wireless_Keyboard,objects_usd/google_objects_usd/Kanex_MultiSync_Wireless_Keyboard/Kanex_MultiSync_Wireless_Keyboard.usd,1,kanex_multisync_wireless_keyboard description
Fujifilm_instax_SHARE_SP1_10_photos,objects_usd/google_objects_usd/Fujifilm_instax_SHARE_SP1_10_photos/Fujifilm_instax_SHARE_SP1_10_photos.usd,1,fujifilm_instax_share_sp1_10_photos description
Cole_Hardware_Mug_Classic_Blue,objects_usd/google_objects_usd/Cole_Hardware_Mug_Classic_Blue/Cole_Hardware_Mug_Classic_Blue.usd,1,cole_hardware_mug_classic_blue description
DPC_tropical_Trends_Hat,objects_usd/google_objects_usd/DPC_tropical_Trends_Hat/DPC_tropical_Trends_Hat.usd,1,dpc_tropical_trends_hat description
Tag_Dishtowel_Dobby_Stripe_Blue_18_x_26,objects_usd/google_objects_usd/Tag_Dishtowel_Dobby_Stripe_Blue_18_x_26/Tag_Dishtowel_Dobby_Stripe_Blue_18_x_26.usd,1,tag_dishtowel_dobby_stripe_blue_18_x_26 description
Netgear_Ac1750_Router_Wireless_Dual_Band_Gigabit_Router,objects_usd/google_objects_usd/Netgear_Ac1750_Router_Wireless_Dual_Band_Gigabit_Router/Netgear_Ac1750_Router_Wireless_Dual_Band_Gigabit_Router.usd,1,netgear_ac1750_router_wireless_dual_band_gigabit_router description
Top_Paw_Dog_Bowl_Blue_Paw_Bone_Ceramic_25_fl_oz_total,objects_usd/google_objects_usd/Top_Paw_Dog_Bowl_Blue_Paw_Bone_Ceramic_25_fl_oz_total/Top_Paw_Dog_Bowl_Blue_Paw_Bone_Ceramic_25_fl_oz_total.usd,1,top_paw_dog_bowl_blue_paw_bone_ceramic_25_fl_oz_total description
Lenovo_Yoga_2_11,objects_usd/google_objects_usd/Lenovo_Yoga_2_11/Lenovo_Yoga_2_11.usd,1,lenovo_yoga_2_11 description
Phillips_Caplets_Size_24,objects_usd/google_objects_usd/Phillips_Caplets_Size_24/Phillips_Caplets_Size_24.usd,1,phillips_caplets_size_24 description
InterDesign_Over_Door,objects_usd/google_objects_usd/InterDesign_Over_Door/InterDesign_Over_Door.usd,1,interdesign_over_door description
Target_Basket_Medium,objects_usd/google_objects_usd/Target_Basket_Medium/Target_Basket_Medium.usd,1,target_basket_medium description
Black_and_Decker_PBJ2000_FusionBlade_Blender_Jars,objects_usd/google_objects_usd/Black_and_Decker_PBJ2000_FusionBlade_Blender_Jars/Black_and_Decker_PBJ2000_FusionBlade_Blender_Jars.usd,1,black_and_decker_pbj2000_fusionblade_blender_jars description
NAPA_VALLEY_NAVAJO_SANDAL,objects_usd/google_objects_usd/NAPA_VALLEY_NAVAJO_SANDAL/NAPA_VALLEY_NAVAJO_SANDAL.usd,1,napa_valley_navajo_sandal description
Embark_Lunch_Cooler_Blue,objects_usd/google_objects_usd/Embark_Lunch_Cooler_Blue/Embark_Lunch_Cooler_Blue.usd,1,embark_lunch_cooler_blue description
KS_Chocolate_Cube_Box_Assortment_By_Neuhaus_2010_Ounces,objects_usd/google_objects_usd/KS_Chocolate_Cube_Box_Assortment_By_Neuhaus_2010_Ounces/KS_Chocolate_Cube_Box_Assortment_By_Neuhaus_2010_Ounces.usd,1,ks_chocolate_cube_box_assortment_by_neuhaus_2010_ounces description
Breyer_Horse_Of_The_Year_2015,objects_usd/google_objects_usd/Breyer_Horse_Of_The_Year_2015/Breyer_Horse_Of_The_Year_2015.usd,1,breyer_horse_of_the_year_2015 description
Granimals_20_Wooden_ABC_Blocks_Wagon_g2TinmUGGHI,objects_usd/google_objects_usd/Granimals_20_Wooden_ABC_Blocks_Wagon_g2TinmUGGHI/Granimals_20_Wooden_ABC_Blocks_Wagon_g2TinmUGGHI.usd,1,granimals_20_wooden_abc_blocks_wagon_g2tinmugghi description
Paul_Frank_Dot_Lunch_Box,objects_usd/google_objects_usd/Paul_Frank_Dot_Lunch_Box/Paul_Frank_Dot_Lunch_Box.usd,1,paul_frank_dot_lunch_box description
REEF_BRAIDED_CUSHION,objects_usd/google_objects_usd/REEF_BRAIDED_CUSHION/REEF_BRAIDED_CUSHION.usd,1,reef_braided_cushion description
Ecoforms_Plant_Container_B4_Har,objects_usd/google_objects_usd/Ecoforms_Plant_Container_B4_Har/Ecoforms_Plant_Container_B4_Har.usd,1,ecoforms_plant_container_b4_har description
Ortho_Forward_Facing,objects_usd/google_objects_usd/Ortho_Forward_Facing/Ortho_Forward_Facing.usd,1,ortho_forward_facing description
Dino_3,objects_usd/google_objects_usd/Dino_3/Dino_3.usd,1,dino_3 description
Air_Hogs_Wind_Flyers_Set_Airplane_Red,objects_usd/google_objects_usd/Air_Hogs_Wind_Flyers_Set_Airplane_Red/Air_Hogs_Wind_Flyers_Set_Airplane_Red.usd,1,air_hogs_wind_flyers_set_airplane_red description
Closetmaid_Premium_Fabric_Cube_Red,objects_usd/google_objects_usd/Closetmaid_Premium_Fabric_Cube_Red/Closetmaid_Premium_Fabric_Cube_Red.usd,1,closetmaid_premium_fabric_cube_red description
Corningware_CW_by_Corningware_3qt_Oblong_Casserole_Dish_Blue,objects_usd/google_objects_usd/Corningware_CW_by_Corningware_3qt_Oblong_Casserole_Dish_Blue/Corningware_CW_by_Corningware_3qt_Oblong_Casserole_Dish_Blue.usd,1,corningware_cw_by_corningware_3qt_oblong_casserole_dish_blue description
Now_Designs_Snack_Bags_Bicycle_2_count,objects_usd/google_objects_usd/Now_Designs_Snack_Bags_Bicycle_2_count/Now_Designs_Snack_Bags_Bicycle_2_count.usd,1,now_designs_snack_bags_bicycle_2_count description
Reebok_ZIGSTORM,objects_usd/google_objects_usd/Reebok_ZIGSTORM/Reebok_ZIGSTORM.usd,1,reebok_zigstorm description
Remington_TStudio_Hair_Dryer,objects_usd/google_objects_usd/Remington_TStudio_Hair_Dryer/Remington_TStudio_Hair_Dryer.usd,1,remington_tstudio_hair_dryer description
Travel_Mate_P_series_Notebook,objects_usd/google_objects_usd/Travel_Mate_P_series_Notebook/Travel_Mate_P_series_Notebook.usd,1,travel_mate_p_series_notebook description
Shaxon_100_Molded_Category_6_RJ45RJ45_Shielded_Patch_Cord_White,objects_usd/google_objects_usd/Shaxon_100_Molded_Category_6_RJ45RJ45_Shielded_Patch_Cord_White/Shaxon_100_Molded_Category_6_RJ45RJ45_Shielded_Patch_Cord_White.usd,1,shaxon_100_molded_category_6_rj45rj45_shielded_patch_cord_white description
Poise_Ultimate_Pads_Long,objects_usd/google_objects_usd/Poise_Ultimate_Pads_Long/Poise_Ultimate_Pads_Long.usd,1,poise_ultimate_pads_long description
BlackBlack_Nintendo_3DSXL,objects_usd/google_objects_usd/BlackBlack_Nintendo_3DSXL/BlackBlack_Nintendo_3DSXL.usd,1,blackblack_nintendo_3dsxl description
Home_Fashions_Washcloth_Linen,objects_usd/google_objects_usd/Home_Fashions_Washcloth_Linen/Home_Fashions_Washcloth_Linen.usd,1,home_fashions_washcloth_linen description
004_sugar_box,objects_usd/google_objects_usd/004_sugar_box/004_sugar_box.usd,1,004_sugar_box description
Threshold_Ramekin_White_Porcelain,objects_usd/google_objects_usd/Threshold_Ramekin_White_Porcelain/Threshold_Ramekin_White_Porcelain.usd,1,threshold_ramekin_white_porcelain description
003_cracker_box,objects_usd/google_objects_usd/003_cracker_box/003_cracker_box.usd,1,003_cracker_box description
Olive_Kids_Dinosaur_Land_Munch_n_Lunch,objects_usd/google_objects_usd/Olive_Kids_Dinosaur_Land_Munch_n_Lunch/Olive_Kids_Dinosaur_Land_Munch_n_Lunch.usd,1,olive_kids_dinosaur_land_munch_n_lunch description
Nintendo_2DS_Crimson_Red,objects_usd/google_objects_usd/Nintendo_2DS_Crimson_Red/Nintendo_2DS_Crimson_Red.usd,1,nintendo_2ds_crimson_red description
Sea_to_Summit_Xl_Bowl,objects_usd/google_objects_usd/Sea_to_Summit_Xl_Bowl/Sea_to_Summit_Xl_Bowl.usd,1,sea_to_summit_xl_bowl description
Cole_Hardware_Mini_Honey_Dipper,objects_usd/google_objects_usd/Cole_Hardware_Mini_Honey_Dipper/Cole_Hardware_Mini_Honey_Dipper.usd,1,cole_hardware_mini_honey_dipper description
Saccharomyces_Boulardii_MOS_Value_Size,objects_usd/google_objects_usd/Saccharomyces_Boulardii_MOS_Value_Size/Saccharomyces_Boulardii_MOS_Value_Size.usd,1,saccharomyces_boulardii_mos_value_size description
Schleich_Allosaurus,objects_usd/google_objects_usd/Schleich_Allosaurus/Schleich_Allosaurus.usd,1,schleich_allosaurus description
Provence_Bath_Towel_Royal_Blue,objects_usd/google_objects_usd/Provence_Bath_Towel_Royal_Blue/Provence_Bath_Towel_Royal_Blue.usd,1,provence_bath_towel_royal_blue description
Marc_Anthony_True_Professional_Oil_of_Morocco_Argan_Oil_Treatment,objects_usd/google_objects_usd/Marc_Anthony_True_Professional_Oil_of_Morocco_Argan_Oil_Treatment/Marc_Anthony_True_Professional_Oil_of_Morocco_Argan_Oil_Treatment.usd,1,marc_anthony_true_professional_oil_of_morocco_argan_oil_treatment description
Clue_Board_Game_Classic_Edition,objects_usd/google_objects_usd/Clue_Board_Game_Classic_Edition/Clue_Board_Game_Classic_Edition.usd,1,clue_board_game_classic_edition description
Beyonc_Life_is_But_a_Dream_DVD,objects_usd/google_objects_usd/Beyonc_Life_is_But_a_Dream_DVD/Beyonc_Life_is_But_a_Dream_DVD.usd,1,beyonc_life_is_but_a_dream_dvd description
Reebok_COMFORT_REEFRESH_FLIP,objects_usd/google_objects_usd/Reebok_COMFORT_REEFRESH_FLIP/Reebok_COMFORT_REEFRESH_FLIP.usd,1,reebok_comfort_reefresh_flip description
Threshold_Salad_Plate_Square_Rim_Porcelain,objects_usd/google_objects_usd/Threshold_Salad_Plate_Square_Rim_Porcelain/Threshold_Salad_Plate_Square_Rim_Porcelain.usd,1,threshold_salad_plate_square_rim_porcelain description
Ecoforms_Plant_Bowl_Turquoise_7,objects_usd/google_objects_usd/Ecoforms_Plant_Bowl_Turquoise_7/Ecoforms_Plant_Bowl_Turquoise_7.usd,1,ecoforms_plant_bowl_turquoise_7 description
RJ_Rabbit_Easter_Basket_Blue,objects_usd/google_objects_usd/RJ_Rabbit_Easter_Basket_Blue/RJ_Rabbit_Easter_Basket_Blue.usd,1,rj_rabbit_easter_basket_blue description
Object_REmvBDJStub,objects_usd/google_objects_usd/Object_REmvBDJStub/Object_REmvBDJStub.usd,1,object_remvbdjstub description
HyperX_Cloud_II_Headset_Gun_Metal,objects_usd/google_objects_usd/HyperX_Cloud_II_Headset_Gun_Metal/HyperX_Cloud_II_Headset_Gun_Metal.usd,1,hyperx_cloud_ii_headset_gun_metal description
Cole_Hardware_Dishtowel_BlueWhite,objects_usd/google_objects_usd/Cole_Hardware_Dishtowel_BlueWhite/Cole_Hardware_Dishtowel_BlueWhite.usd,1,cole_hardware_dishtowel_bluewhite description
GoPro_HERO3_Composite_Cable,objects_usd/google_objects_usd/GoPro_HERO3_Composite_Cable/GoPro_HERO3_Composite_Cable.usd,1,gopro_hero3_composite_cable description
Schleich_Hereford_Bull,objects_usd/google_objects_usd/Schleich_Hereford_Bull/Schleich_Hereford_Bull.usd,1,schleich_hereford_bull description
Ubisoft_RockSmith_Real_Tone_Cable_Xbox_360,objects_usd/google_objects_usd/Ubisoft_RockSmith_Real_Tone_Cable_Xbox_360/Ubisoft_RockSmith_Real_Tone_Cable_Xbox_360.usd,1,ubisoft_rocksmith_real_tone_cable_xbox_360 description
010_potted_meat_can,objects_usd/google_objects_usd/010_potted_meat_can/010_potted_meat_can.usd,1,010_potted_meat_can description
VANS_FIRE_ROASTED_VEGGIE_CRACKERS_GLUTEN_FREE,objects_usd/google_objects_usd/VANS_FIRE_ROASTED_VEGGIE_CRACKERS_GLUTEN_FREE/VANS_FIRE_ROASTED_VEGGIE_CRACKERS_GLUTEN_FREE.usd,1,vans_fire_roasted_veggie_crackers_gluten_free description
Pony_C_Clamp_1440,objects_usd/google_objects_usd/Pony_C_Clamp_1440/Pony_C_Clamp_1440.usd,1,pony_c_clamp_1440 description
Super_Mario_3D_World_Deluxe_Set,objects_usd/google_objects_usd/Super_Mario_3D_World_Deluxe_Set/Super_Mario_3D_World_Deluxe_Set.usd,1,super_mario_3d_world_deluxe_set description
Ecoforms_Plant_Pot_GP9AAvocado,objects_usd/google_objects_usd/Ecoforms_Plant_Pot_GP9AAvocado/Ecoforms_Plant_Pot_GP9AAvocado.usd,1,ecoforms_plant_pot_gp9aavocado description
Threshold_Textured_Damask_Bath_Towel_Pink,objects_usd/google_objects_usd/Threshold_Textured_Damask_Bath_Towel_Pink/Threshold_Textured_Damask_Bath_Towel_Pink.usd,1,threshold_textured_damask_bath_towel_pink description
Cole_Hardware_Plant_Saucer_Brown_125,objects_usd/google_objects_usd/Cole_Hardware_Plant_Saucer_Brown_125/Cole_Hardware_Plant_Saucer_Brown_125.usd,1,cole_hardware_plant_saucer_brown_125 description
Threshold_Basket_Natural_Finish_Fabric_Liner_Small,objects_usd/google_objects_usd/Threshold_Basket_Natural_Finish_Fabric_Liner_Small/Threshold_Basket_Natural_Finish_Fabric_Liner_Small.usd,1,threshold_basket_natural_finish_fabric_liner_small description
Cole_Hardware_Dishtowel_Stripe,objects_usd/google_objects_usd/Cole_Hardware_Dishtowel_Stripe/Cole_Hardware_Dishtowel_Stripe.usd,1,cole_hardware_dishtowel_stripe description
Room_Essentials_Bowl_Turquiose,objects_usd/google_objects_usd/Room_Essentials_Bowl_Turquiose/Room_Essentials_Bowl_Turquiose.usd,1,room_essentials_bowl_turquiose description
Tag_Dishtowel_Waffle_Gray_Checks_18_x_26,objects_usd/google_objects_usd/Tag_Dishtowel_Waffle_Gray_Checks_18_x_26/Tag_Dishtowel_Waffle_Gray_Checks_18_x_26.usd,1,tag_dishtowel_waffle_gray_checks_18_x_26 description
Tag_Dishtowel_18_x_26,objects_usd/google_objects_usd/Tag_Dishtowel_18_x_26/Tag_Dishtowel_18_x_26.usd,1,tag_dishtowel_18_x_26 description
Google_Cardboard_Original_package,objects_usd/google_objects_usd/Google_Cardboard_Original_package/Google_Cardboard_Original_package.usd,1,google_cardboard_original_package description
Ecoforms_Pot_Nova_6_Turquoise,objects_usd/google_objects_usd/Ecoforms_Pot_Nova_6_Turquoise/Ecoforms_Pot_Nova_6_Turquoise.usd,1,ecoforms_pot_nova_6_turquoise description
Wilton_PreCut_Parchment_Sheets_10_x_15_24_sheets,objects_usd/google_objects_usd/Wilton_PreCut_Parchment_Sheets_10_x_15_24_sheets/Wilton_PreCut_Parchment_Sheets_10_x_15_24_sheets.usd,1,wilton_precut_parchment_sheets_10_x_15_24_sheets description
Full_Circle_Happy_Scraps_Out_Collector_Gray,objects_usd/google_objects_usd/Full_Circle_Happy_Scraps_Out_Collector_Gray/Full_Circle_Happy_Scraps_Out_Collector_Gray.usd,1,full_circle_happy_scraps_out_collector_gray description
Now_Designs_Bowl_Akita_Black,objects_usd/google_objects_usd/Now_Designs_Bowl_Akita_Black/Now_Designs_Bowl_Akita_Black.usd,1,now_designs_bowl_akita_black description
Crunch_Girl_Scouts_Candy_Bars_Peanut_Butter_Creme_78_oz_box,objects_usd/google_objects_usd/Crunch_Girl_Scouts_Candy_Bars_Peanut_Butter_Creme_78_oz_box/Crunch_Girl_Scouts_Candy_Bars_Peanut_Butter_Creme_78_oz_box.usd,1,crunch_girl_scouts_candy_bars_peanut_butter_creme_78_oz_box description
Diamond_Visions_Scissors_Red,objects_usd/google_objects_usd/Diamond_Visions_Scissors_Red/Diamond_Visions_Scissors_Red.usd,1,diamond_visions_scissors_red description
Nikon_1_AW1_w11275mm_Lens_Silver,objects_usd/google_objects_usd/Nikon_1_AW1_w11275mm_Lens_Silver/Nikon_1_AW1_w11275mm_Lens_Silver.usd,1,nikon_1_aw1_w11275mm_lens_silver description
Avengers_Thor_PLlrpYniaeB,objects_usd/google_objects_usd/Avengers_Thor_PLlrpYniaeB/Avengers_Thor_PLlrpYniaeB.usd,1,avengers_thor_pllrpyniaeb description
Seagate_3TB_Central_shared_storage,objects_usd/google_objects_usd/Seagate_3TB_Central_shared_storage/Seagate_3TB_Central_shared_storage.usd,1,seagate_3tb_central_shared_storage description
Phillips_Milk_of_Magnesia_Saline_Laxative_Liquid_Original,objects_usd/google_objects_usd/Phillips_Milk_of_Magnesia_Saline_Laxative_Liquid_Original/Phillips_Milk_of_Magnesia_Saline_Laxative_Liquid_Original.usd,1,phillips_milk_of_magnesia_saline_laxative_liquid_original description
Sapota_Threshold_4_Ceramic_Round_Planter_Red,objects_usd/google_objects_usd/Sapota_Threshold_4_Ceramic_Round_Planter_Red/Sapota_Threshold_4_Ceramic_Round_Planter_Red.usd,1,sapota_threshold_4_ceramic_round_planter_red description
Cole_Hardware_Saucer_Electric,objects_usd/google_objects_usd/Cole_Hardware_Saucer_Electric/Cole_Hardware_Saucer_Electric.usd,1,cole_hardware_saucer_electric description
Arm_Hammer_Diaper_Pail_Refills_12_Pack_MFWkmoweejt,objects_usd/google_objects_usd/Arm_Hammer_Diaper_Pail_Refills_12_Pack_MFWkmoweejt/Arm_Hammer_Diaper_Pail_Refills_12_Pack_MFWkmoweejt.usd,1,arm_hammer_diaper_pail_refills_12_pack_mfwkmoweejt description
Grreatv_Choice_Dog_Bowl_Gray_Bones_Plastic_20_fl_oz_total,objects_usd/google_objects_usd/Grreatv_Choice_Dog_Bowl_Gray_Bones_Plastic_20_fl_oz_total/Grreatv_Choice_Dog_Bowl_Gray_Bones_Plastic_20_fl_oz_total.usd,1,grreatv_choice_dog_bowl_gray_bones_plastic_20_fl_oz_total description
Olive_Kids_Birdie_Pack_n_Snack,objects_usd/google_objects_usd/Olive_Kids_Birdie_Pack_n_Snack/Olive_Kids_Birdie_Pack_n_Snack.usd,1,olive_kids_birdie_pack_n_snack description
Perricone_MD_Firming_Neck_Therapy_Treatment,objects_usd/google_objects_usd/Perricone_MD_Firming_Neck_Therapy_Treatment/Perricone_MD_Firming_Neck_Therapy_Treatment.usd,1,perricone_md_firming_neck_therapy_treatment description
Schleich_S_Bayala_Unicorn_70432,objects_usd/google_objects_usd/Schleich_S_Bayala_Unicorn_70432/Schleich_S_Bayala_Unicorn_70432.usd,1,schleich_s_bayala_unicorn_70432 description
Threshold_Bistro_Ceramic_Dinner_Plate_Ruby_Ring,objects_usd/google_objects_usd/Threshold_Bistro_Ceramic_Dinner_Plate_Ruby_Ring/Threshold_Bistro_Ceramic_Dinner_Plate_Ruby_Ring.usd,1,threshold_bistro_ceramic_dinner_plate_ruby_ring description
AllergenFree_JarroDophilus,objects_usd/google_objects_usd/AllergenFree_JarroDophilus/AllergenFree_JarroDophilus.usd,1,allergenfree_jarrodophilus description
Logitech_Ultimate_Ears_Boom_Wireless_Speaker_Night_Black,objects_usd/google_objects_usd/Logitech_Ultimate_Ears_Boom_Wireless_Speaker_Night_Black/Logitech_Ultimate_Ears_Boom_Wireless_Speaker_Night_Black.usd,1,logitech_ultimate_ears_boom_wireless_speaker_night_black description
Organic_Whey_Protein_Unflavored,objects_usd/google_objects_usd/Organic_Whey_Protein_Unflavored/Organic_Whey_Protein_Unflavored.usd,1,organic_whey_protein_unflavored description
5_HTP,objects_usd/google_objects_usd/5_HTP/5_HTP.usd,1,5_htp description
Pennington_Electric_Pot_Cabana_4,objects_usd/google_objects_usd/Pennington_Electric_Pot_Cabana_4/Pennington_Electric_Pot_Cabana_4.usd,1,pennington_electric_pot_cabana_4 description
Kotobuki_Saucer_Dragon_Fly,objects_usd/google_objects_usd/Kotobuki_Saucer_Dragon_Fly/Kotobuki_Saucer_Dragon_Fly.usd,1,kotobuki_saucer_dragon_fly description
Chef_Style_Round_Cake_Pan_9_inch_pan,objects_usd/google_objects_usd/Chef_Style_Round_Cake_Pan_9_inch_pan/Chef_Style_Round_Cake_Pan_9_inch_pan.usd,1,chef_style_round_cake_pan_9_inch_pan description
Utana_5_Porcelain_Ramekin_Large,objects_usd/google_objects_usd/Utana_5_Porcelain_Ramekin_Large/Utana_5_Porcelain_Ramekin_Large.usd,1,utana_5_porcelain_ramekin_large description
Hilary,objects_usd/google_objects_usd/Hilary/Hilary.usd,1,hilary description
Olive_Kids_Butterfly_Garden_Munch_n_Lunch_Bag,objects_usd/google_objects_usd/Olive_Kids_Butterfly_Garden_Munch_n_Lunch_Bag/Olive_Kids_Butterfly_Garden_Munch_n_Lunch_Bag.usd,1,olive_kids_butterfly_garden_munch_n_lunch_bag description
Threshold_Dinner_Plate_Square_Rim_White_Porcelain,objects_usd/google_objects_usd/Threshold_Dinner_Plate_Square_Rim_White_Porcelain/Threshold_Dinner_Plate_Square_Rim_White_Porcelain.usd,1,threshold_dinner_plate_square_rim_white_porcelain description
Nestle_Skinny_Cow_Dreamy_Clusters_Candy_Dark_Chocolate_6_pack_1_oz_pouches,objects_usd/google_objects_usd/Nestle_Skinny_Cow_Dreamy_Clusters_Candy_Dark_Chocolate_6_pack_1_oz_pouches/Nestle_Skinny_Cow_Dreamy_Clusters_Candy_Dark_Chocolate_6_pack_1_oz_pouches.usd,1,nestle_skinny_cow_dreamy_clusters_candy_dark_chocolate_6_pack_1_oz_pouches description
3D_Dollhouse_Swing,objects_usd/google_objects_usd/3D_Dollhouse_Swing/3D_Dollhouse_Swing.usd,1,3d_dollhouse_swing description
GARDEN_SWING,objects_usd/google_objects_usd/GARDEN_SWING/GARDEN_SWING.usd,1,garden_swing description
Tag_Dishtowel_Basket_Weave_Red_18_x_26,objects_usd/google_objects_usd/Tag_Dishtowel_Basket_Weave_Red_18_x_26/Tag_Dishtowel_Basket_Weave_Red_18_x_26.usd,1,tag_dishtowel_basket_weave_red_18_x_26 description
Ortho_Forward_Facing_3Q6J2oKJD92,objects_usd/google_objects_usd/Ortho_Forward_Facing_3Q6J2oKJD92/Ortho_Forward_Facing_3Q6J2oKJD92.usd,1,ortho_forward_facing_3q6j2okjd92 description
Olive_Kids_Butterfly_Garden_Pencil_Case,objects_usd/google_objects_usd/Olive_Kids_Butterfly_Garden_Pencil_Case/Olive_Kids_Butterfly_Garden_Pencil_Case.usd,1,olive_kids_butterfly_garden_pencil_case description
Nestle_Nesquik_Chocolate_Powder_Flavored_Milk_Additive_109_Oz_Canister,objects_usd/google_objects_usd/Nestle_Nesquik_Chocolate_Powder_Flavored_Milk_Additive_109_Oz_Canister/Nestle_Nesquik_Chocolate_Powder_Flavored_Milk_Additive_109_Oz_Canister.usd,1,nestle_nesquik_chocolate_powder_flavored_milk_additive_109_oz_canister description
Markings_Letter_Holder,objects_usd/google_objects_usd/Markings_Letter_Holder/Markings_Letter_Holder.usd,1,markings_letter_holder description
DRAGON_W,objects_usd/google_objects_usd/DRAGON_W/DRAGON_W.usd,1,dragon_w description
Nescafe_Tasters_Choice_Instant_Coffee_Decaf_House_Blend_Light_7_oz,objects_usd/google_objects_usd/Nescafe_Tasters_Choice_Instant_Coffee_Decaf_House_Blend_Light_7_oz/Nescafe_Tasters_Choice_Instant_Coffee_Decaf_House_Blend_Light_7_oz.usd,1,nescafe_tasters_choice_instant_coffee_decaf_house_blend_light_7_oz description
Cole_Hardware_Dishtowel_Multicolors,objects_usd/google_objects_usd/Cole_Hardware_Dishtowel_Multicolors/Cole_Hardware_Dishtowel_Multicolors.usd,1,cole_hardware_dishtowel_multicolors description
Sterilite_Caddy_Blue_Sky_17_58_x_12_58_x_9_14,objects_usd/google_objects_usd/Sterilite_Caddy_Blue_Sky_17_58_x_12_58_x_9_14/Sterilite_Caddy_Blue_Sky_17_58_x_12_58_x_9_14.usd,1,sterilite_caddy_blue_sky_17_58_x_12_58_x_9_14 description
Remington_1_12_inch_Hair_Straightener,objects_usd/google_objects_usd/Remington_1_12_inch_Hair_Straightener/Remington_1_12_inch_Hair_Straightener.usd,1,remington_1_12_inch_hair_straightener description
Shurtape_Gaffers_Tape_Silver_2_x_60_yd,objects_usd/google_objects_usd/Shurtape_Gaffers_Tape_Silver_2_x_60_yd/Shurtape_Gaffers_Tape_Silver_2_x_60_yd.usd,1,shurtape_gaffers_tape_silver_2_x_60_yd description
Marc_Anthony_Skip_Professional_Oil_of_Morocco_Conditioner_with_Argan_Oil,objects_usd/google_objects_usd/Marc_Anthony_Skip_Professional_Oil_of_Morocco_Conditioner_with_Argan_Oil/Marc_Anthony_Skip_Professional_Oil_of_Morocco_Conditioner_with_Argan_Oil.usd,1,marc_anthony_skip_professional_oil_of_morocco_conditioner_with_argan_oil description
Threshold_Porcelain_Teapot_White,objects_usd/google_objects_usd/Threshold_Porcelain_Teapot_White/Threshold_Porcelain_Teapot_White.usd,1,threshold_porcelain_teapot_white description
Big_O_Sponges_Assorted_Cellulose_12_pack,objects_usd/google_objects_usd/Big_O_Sponges_Assorted_Cellulose_12_pack/Big_O_Sponges_Assorted_Cellulose_12_pack.usd,1,big_o_sponges_assorted_cellulose_12_pack description
Schleich_Spinosaurus_Action_Figure,objects_usd/google_objects_usd/Schleich_Spinosaurus_Action_Figure/Schleich_Spinosaurus_Action_Figure.usd,1,schleich_spinosaurus_action_figure description
Hey_You_Pikachu_Nintendo_64,objects_usd/google_objects_usd/Hey_You_Pikachu_Nintendo_64/Hey_You_Pikachu_Nintendo_64.usd,1,hey_you_pikachu_nintendo_64 description
Twinlab_100_Whey_Protein_Fuel_Chocolate,objects_usd/google_objects_usd/Twinlab_100_Whey_Protein_Fuel_Chocolate/Twinlab_100_Whey_Protein_Fuel_Chocolate.usd,1,twinlab_100_whey_protein_fuel_chocolate description
IsoRich_Soy,objects_usd/google_objects_usd/IsoRich_Soy/IsoRich_Soy.usd,1,isorich_soy description
Mens_Santa_Cruz_Thong_in_Tan_r59C69daRPh,objects_usd/google_objects_usd/Mens_Santa_Cruz_Thong_in_Tan_r59C69daRPh/Mens_Santa_Cruz_Thong_in_Tan_r59C69daRPh.usd,1,mens_santa_cruz_thong_in_tan_r59c69darph description
JBL_Charge_Speaker_portable_wireless_wired_Green,objects_usd/google_objects_usd/JBL_Charge_Speaker_portable_wireless_wired_Green/JBL_Charge_Speaker_portable_wireless_wired_Green.usd,1,jbl_charge_speaker_portable_wireless_wired_green description
ASICS_GEL1140V_WhiteBlackSilver,objects_usd/google_objects_usd/ASICS_GEL1140V_WhiteBlackSilver/ASICS_GEL1140V_WhiteBlackSilver.usd,1,asics_gel1140v_whiteblacksilver description
Cole_Hardware_Antislip_Surfacing_Material_White,objects_usd/google_objects_usd/Cole_Hardware_Antislip_Surfacing_Material_White/Cole_Hardware_Antislip_Surfacing_Material_White.usd,1,cole_hardware_antislip_surfacing_material_white description
Room_Essentials_Mug_White_Yellow,objects_usd/google_objects_usd/Room_Essentials_Mug_White_Yellow/Room_Essentials_Mug_White_Yellow.usd,1,room_essentials_mug_white_yellow description
Womens_Betty_Chukka_Boot_in_Grey_Jersey_Sequin,objects_usd/google_objects_usd/Womens_Betty_Chukka_Boot_in_Grey_Jersey_Sequin/Womens_Betty_Chukka_Boot_in_Grey_Jersey_Sequin.usd,1,womens_betty_chukka_boot_in_grey_jersey_sequin description
Threshold_Bead_Cereal_Bowl_White,objects_usd/google_objects_usd/Threshold_Bead_Cereal_Bowl_White/Threshold_Bead_Cereal_Bowl_White.usd,1,threshold_bead_cereal_bowl_white description
Office_Depot_Canon_CLI_221BK_Ink_Cartridge_Black_2946B001,objects_usd/google_objects_usd/Office_Depot_Canon_CLI_221BK_Ink_Cartridge_Black_2946B001/Office_Depot_Canon_CLI_221BK_Ink_Cartridge_Black_2946B001.usd,1,office_depot_canon_cli_221bk_ink_cartridge_black_2946b001 description
Granimals_20_Wooden_ABC_Blocks_Wagon,objects_usd/google_objects_usd/Granimals_20_Wooden_ABC_Blocks_Wagon/Granimals_20_Wooden_ABC_Blocks_Wagon.usd,1,granimals_20_wooden_abc_blocks_wagon description
Neat_Solutions_Character_Bib_2_pack,objects_usd/google_objects_usd/Neat_Solutions_Character_Bib_2_pack/Neat_Solutions_Character_Bib_2_pack.usd,1,neat_solutions_character_bib_2_pack description
Calphalon_Kitchen_Essentials_12_Cast_Iron_Fry_Pan_Black,objects_usd/google_objects_usd/Calphalon_Kitchen_Essentials_12_Cast_Iron_Fry_Pan_Black/Calphalon_Kitchen_Essentials_12_Cast_Iron_Fry_Pan_Black.usd,1,calphalon_kitchen_essentials_12_cast_iron_fry_pan_black description
Razer_Taipan_Black_Ambidextrous_Gaming_Mouse,objects_usd/google_objects_usd/Razer_Taipan_Black_Ambidextrous_Gaming_Mouse/Razer_Taipan_Black_Ambidextrous_Gaming_Mouse.usd,1,razer_taipan_black_ambidextrous_gaming_mouse description
Nestle_Pure_Life_Exotics_Sparkling_Water_Strawberry_Dragon_Fruit_8_count_12_fl_oz_can,objects_usd/google_objects_usd/Nestle_Pure_Life_Exotics_Sparkling_Water_Strawberry_Dragon_Fruit_8_count_12_fl_oz_can/Nestle_Pure_Life_Exotics_Sparkling_Water_Strawberry_Dragon_Fruit_8_count_12_fl_oz_can.usd,1,nestle_pure_life_exotics_sparkling_water_strawberry_dragon_fruit_8_count_12_fl_oz_can description
Ecoforms_Plant_Plate_S11Turquoise,objects_usd/google_objects_usd/Ecoforms_Plant_Plate_S11Turquoise/Ecoforms_Plant_Plate_S11Turquoise.usd,1,ecoforms_plant_plate_s11turquoise description
006_mustard_bottle,objects_usd/google_objects_usd/006_mustard_bottle/006_mustard_bottle.usd,1,006_mustard_bottle description
Nescafe_Memento_Latte_Caramel_8_08_oz_23_g_packets_64_oz_184_g,objects_usd/google_objects_usd/Nescafe_Memento_Latte_Caramel_8_08_oz_23_g_packets_64_oz_184_g/Nescafe_Memento_Latte_Caramel_8_08_oz_23_g_packets_64_oz_184_g.usd,1,nescafe_memento_latte_caramel_8_08_oz_23_g_packets_64_oz_184_g description
040_large_marker,objects_usd/google_objects_usd/040_large_marker/040_large_marker.usd,1,040_large_marker description
Ecoforms_Plant_Container_S24NATURAL,objects_usd/google_objects_usd/Ecoforms_Plant_Container_S24NATURAL/Ecoforms_Plant_Container_S24NATURAL.usd,1,ecoforms_plant_container_s24natural description
CLIMACOOL_BOAT_BREEZE_IE6CyqSaDwN,objects_usd/google_objects_usd/CLIMACOOL_BOAT_BREEZE_IE6CyqSaDwN/CLIMACOOL_BOAT_BREEZE_IE6CyqSaDwN.usd,1,climacool_boat_breeze_ie6cyqsadwn description
